{"cameraMode":{"drawMode":0,"name":"Shaded","section":"Shading Mode"},"sceneLighting":false,"audioPlay":false,"sceneViewState":{"m_AlwaysRefresh":false,"showFog":true,"showSkybox":false,"showFlares":true,"showImageEffects":true,"showParticleSystems":true,"showVisualEffectGraphs":true,"m_FxEnabled":true},"in2DMode":false,"pivot":{"x":-45.17784118652344,"y":-0.48798465728759768,"z":30.914308547973634},"rotation":{"x":-0.1706644892692566,"y":0.32483744621276858,"z":-0.05972317233681679,"w":-0.9283392429351807},"size":19.368183135986329,"orthographic":false}